{
  "aiiq": 49,
  "alpha": 0.15,
  "total_files": 784,
  "current_threshold": 1556.9816254524355,
  "last_aiiq_increment": 1759279343.9206998,
  "generation_seed": 9235,
  "karma_pool": 182.2883333333332,
  "generation_birth_time": 1759279343.9206998,
  "timestamp": 1759871768.9118853
}