{
  "aiiq": 49,
  "alpha": 0.15,
  "total_files": 639,
  "current_threshold": 1556.9816254524355,
  "last_aiiq_increment": 1759279343.9206998,
  "generation_seed": 9235,
  "karma_pool": 150.43166666666684,
  "generation_birth_time": 1759279343.9206998,
  "timestamp": 1759389993.7929826
}