{
  "aiiq": 49,
  "alpha": 0.15,
  "total_files": 721,
  "current_threshold": 1556.9816254524355,
  "last_aiiq_increment": 1759279343.9206998,
  "generation_seed": 9235,
  "karma_pool": 155.01690476190478,
  "generation_birth_time": 1759279343.9206998,
  "timestamp": 1759469015.9330459
}