{
  "timestamp": "2025-09-22 16:10:39",
  "total_ratings": 120,
  "raters": 3,
  "prompts": 20,
  "trait_results": {
    "baseline": {
      "openness": {
        "mean": 3.3333333333333335,
        "std": 0.49236596391733095,
        "count": 12,
        "min": 3.0,
        "max": 4.0
      },
      "conscientiousness": {
        "mean": 3.6666666666666665,
        "std": 0.49236596391733095,
        "count": 12,
        "min": 3.0,
        "max": 4.0
      },
      "extraversion": {
        "mean": 3.3333333333333335,
        "std": 0.49236596391733095,
        "count": 12,
        "min": 3.0,
        "max": 4.0
      },
      "agreeableness": {
        "mean": 3.4166666666666665,
        "std": 0.5149286505444373,
        "count": 12,
        "min": 3.0,
        "max": 4.0
      },
      "neuroticism": {
        "mean": 3.0833333333333335,
        "std": 0.28867513459481287,
        "count": 12,
        "min": 3.0,
        "max": 4.0
      }
    },
    "carma": {
      "openness": {
        "mean": 3.75,
        "std": 0.753778361444409,
        "count": 12,
        "min": 3.0,
        "max": 5.0
      },
      "conscientiousness": {
        "mean": 3.9166666666666665,
        "std": 0.7929614610987591,
        "count": 12,
        "min": 3.0,
        "max": 5.0
      },
      "extraversion": {
        "mean": 3.9166666666666665,
        "std": 0.5149286505444373,
        "count": 12,
        "min": 3.0,
        "max": 5.0
      },
      "agreeableness": {
        "mean": 3.8333333333333335,
        "std": 0.3892494720807615,
        "count": 12,
        "min": 3.0,
        "max": 4.0
      },
      "neuroticism": {
        "mean": 3.8333333333333335,
        "std": 0.5773502691896257,
        "count": 12,
        "min": 3.0,
        "max": 5.0
      }
    }
  },
  "effect_sizes": {
    "openness": {
      "cohens_d": 0.6544836970141583,
      "baseline_mean": 3.3333333333333335,
      "carma_mean": 3.75,
      "difference": 0.4166666666666665
    },
    "conscientiousness": {
      "cohens_d": 0.37878524373260003,
      "baseline_mean": 3.6666666666666665,
      "carma_mean": 3.9166666666666665,
      "difference": 0.25
    },
    "extraversion": {
      "cohens_d": 1.1579274674609357,
      "baseline_mean": 3.3333333333333335,
      "carma_mean": 3.9166666666666665,
      "difference": 0.583333333333333
    },
    "agreeableness": {
      "cohens_d": 0.9128709291752775,
      "baseline_mean": 3.4166666666666665,
      "carma_mean": 3.8333333333333335,
      "difference": 0.41666666666666696
    },
    "neuroticism": {
      "cohens_d": 1.6431676725154984,
      "baseline_mean": 3.0833333333333335,
      "carma_mean": 3.8333333333333335,
      "difference": 0.75
    }
  },
  "overall": {
    "baseline_mean": 3.3666666666666667,
    "carma_mean": 3.85,
    "baseline_std": 0.4859611014169709,
    "carma_std": 0.605763280945926
  }
}